token,question_id,question_total_runs,question_success_count,question_baseline_success_rate,n_with_token,n_without_token,succ_with_token,succ_without_token,delta_q
conclude,468,26,25,0.9615384615384616,25,1,1.0,0.0,1.0
conclude,827,23,2,0.08695652173913043,21,2,0.09523809523809523,0.0,0.09523809523809523
conclude,522,25,17,0.68,24,1,0.6666666666666666,1.0,-0.33333333333333337
conclude,716,27,23,0.8518518518518519,22,5,0.9545454545454546,0.4,0.5545454545454546
conclude,880,26,8,0.3076923076923077,18,8,0.2777777777777778,0.375,-0.09722222222222221
conclude,1139,24,3,0.125,16,8,0.1875,0.0,0.1875
conclude,790,26,1,0.038461538461538464,21,5,0.0,0.2,-0.2
conclude,1201,20,1,0.05,15,5,0.0,0.2,-0.2
conclude,573,26,20,0.7692307692307693,24,2,0.75,1.0,-0.25
conclude,68,24,16,0.6666666666666666,23,1,0.6521739130434783,1.0,-0.34782608695652173
conclude,183,27,26,0.9629629629629629,26,1,1.0,0.0,1.0
conclude,150,21,2,0.09523809523809523,16,5,0.0625,0.2,-0.1375
conclude,52,27,26,0.9629629629629629,25,2,1.0,0.5,0.5
conclude,167,27,26,0.9629629629629629,25,2,1.0,0.5,0.5
conclude,447,25,21,0.84,23,2,0.9130434782608695,0.0,0.9130434782608695
conclude,842,20,14,0.7,19,1,0.6842105263157895,1.0,-0.3157894736842105
conclude,851,26,3,0.11538461538461539,22,4,0.13636363636363635,0.0,0.13636363636363635
conclude,844,19,4,0.21052631578947367,4,15,0.75,0.06666666666666667,0.6833333333333333
conclude,1028,23,4,0.17391304347826086,20,3,0.2,0.0,0.2
conclude,1121,23,5,0.21739130434782608,17,6,0.23529411764705882,0.16666666666666666,0.06862745098039216
conclude,950,26,22,0.8461538461538461,24,2,0.9166666666666666,0.0,0.9166666666666666
conclude,1164,21,13,0.6190476190476191,10,11,0.5,0.7272727272727273,-0.2272727272727273
conclude,740,25,1,0.04,22,3,0.045454545454545456,0.0,0.045454545454545456
conclude,1025,22,10,0.45454545454545453,20,2,0.45,0.5,-0.04999999999999999
conclude,839,25,19,0.76,24,1,0.7916666666666666,0.0,0.7916666666666666
conclude,542,22,12,0.5454545454545454,16,6,0.625,0.3333333333333333,0.2916666666666667
conclude,864,26,11,0.4230769230769231,21,5,0.5238095238095238,0.0,0.5238095238095238
conclude,415,20,18,0.9,17,3,1.0,0.3333333333333333,0.6666666666666667
conclude,834,25,2,0.08,20,5,0.1,0.0,0.1
conclude,983,26,25,0.9615384615384616,25,1,0.96,1.0,-0.040000000000000036
conclude,391,25,10,0.4,24,1,0.4166666666666667,0.0,0.4166666666666667
conclude,279,22,7,0.3181818181818182,21,1,0.3333333333333333,0.0,0.3333333333333333
conclude,1060,25,2,0.08,19,6,0.05263157894736842,0.16666666666666666,-0.11403508771929824
conclude,1000,23,4,0.17391304347826086,10,13,0.3,0.07692307692307693,0.22307692307692306
conclude,1155,23,8,0.34782608695652173,16,7,0.375,0.2857142857142857,0.0892857142857143
conclude,715,24,1,0.041666666666666664,19,5,0.0,0.2,-0.2
conclude,495,26,16,0.6153846153846154,25,1,0.64,0.0,0.64
conclude,662,27,19,0.7037037037037037,24,3,0.7916666666666666,0.0,0.7916666666666666
conclude,92,25,2,0.08,20,5,0.1,0.0,0.1
conclude,887,25,12,0.48,18,7,0.5555555555555556,0.2857142857142857,0.2698412698412699
conclude,923,24,2,0.08333333333333333,22,2,0.09090909090909091,0.0,0.09090909090909091
conclude,1142,25,5,0.2,19,6,0.2631578947368421,0.0,0.2631578947368421
conclude,195,28,27,0.9642857142857143,26,2,0.9615384615384616,1.0,-0.038461538461538436
conclude,466,25,5,0.2,24,1,0.20833333333333334,0.0,0.20833333333333334
conclude,535,24,14,0.5833333333333334,18,6,0.6111111111111112,0.5,0.11111111111111116
conclude,561,26,22,0.8461538461538461,25,1,0.88,0.0,0.88
conclude,944,24,1,0.041666666666666664,14,10,0.0,0.1,-0.1
conclude,169,25,24,0.96,24,1,1.0,0.0,1.0
conclude,946,25,19,0.76,23,2,0.7391304347826086,1.0,-0.26086956521739135
conclude,956,25,2,0.08,22,3,0.045454545454545456,0.3333333333333333,-0.28787878787878785
conclude,605,25,13,0.52,21,4,0.5714285714285714,0.25,0.3214285714285714
conclude,1002,26,18,0.6923076923076923,24,2,0.75,0.0,0.75
conclude,485,22,5,0.22727272727272727,20,2,0.2,0.5,-0.3
conclude,222,25,1,0.04,24,1,0.041666666666666664,0.0,0.041666666666666664
conclude,1020,20,10,0.5,13,7,0.6153846153846154,0.2857142857142857,0.3296703296703297
conclude,224,26,11,0.4230769230769231,20,6,0.55,0.0,0.55
conclude,165,26,22,0.8461538461538461,24,2,0.875,0.5,0.375
conclude,876,24,5,0.20833333333333334,20,4,0.25,0.0,0.25
conclude,840,23,11,0.4782608695652174,19,4,0.5789473684210527,0.0,0.5789473684210527
rewrite,291,23,20,0.8695652173913043,20,3,0.9,0.6666666666666666,0.2333333333333334
rewrite,827,23,2,0.08695652173913043,22,1,0.09090909090909091,0.0,0.09090909090909091
rewrite,522,25,17,0.68,24,1,0.6666666666666666,1.0,-0.33333333333333337
rewrite,120,24,19,0.7916666666666666,15,9,0.8,0.7777777777777778,0.022222222222222254
rewrite,1139,24,3,0.125,15,9,0.2,0.0,0.2
rewrite,375,24,20,0.8333333333333334,23,1,0.8260869565217391,1.0,-0.17391304347826086
rewrite,790,26,1,0.038461538461538464,25,1,0.04,0.0,0.04
rewrite,1201,20,1,0.05,2,18,0.0,0.05555555555555555,-0.05555555555555555
rewrite,573,26,20,0.7692307692307693,22,4,0.7727272727272727,0.75,0.022727272727272707
rewrite,609,22,18,0.8181818181818182,8,14,1.0,0.7142857142857143,0.2857142857142857
rewrite,68,24,16,0.6666666666666666,23,1,0.6521739130434783,1.0,-0.34782608695652173
rewrite,183,27,26,0.9629629629629629,26,1,1.0,0.0,1.0
rewrite,150,21,2,0.09523809523809523,4,17,0.25,0.058823529411764705,0.19117647058823528
rewrite,52,27,26,0.9629629629629629,5,22,1.0,0.9545454545454546,0.045454545454545414
rewrite,851,26,3,0.11538461538461539,23,3,0.13043478260869565,0.0,0.13043478260869565
rewrite,844,19,4,0.21052631578947367,17,2,0.23529411764705882,0.0,0.23529411764705882
rewrite,1028,23,4,0.17391304347826086,10,13,0.0,0.3076923076923077,-0.3076923076923077
rewrite,1121,23,5,0.21739130434782608,13,10,0.23076923076923078,0.2,0.03076923076923077
rewrite,950,26,22,0.8461538461538461,25,1,0.88,0.0,0.88
rewrite,1164,21,13,0.6190476190476191,7,14,0.42857142857142855,0.7142857142857143,-0.28571428571428575
rewrite,1025,22,10,0.45454545454545453,4,18,0.5,0.4444444444444444,0.05555555555555558
rewrite,542,22,12,0.5454545454545454,16,6,0.5625,0.5,0.0625
rewrite,721,24,16,0.6666666666666666,14,10,0.7857142857142857,0.5,0.2857142857142857
rewrite,391,25,10,0.4,19,6,0.42105263157894735,0.3333333333333333,0.08771929824561403
rewrite,279,22,7,0.3181818181818182,20,2,0.35,0.0,0.35
rewrite,1060,25,2,0.08,4,21,0.0,0.09523809523809523,-0.09523809523809523
rewrite,1000,23,4,0.17391304347826086,4,19,0.5,0.10526315789473684,0.39473684210526316
rewrite,1155,23,8,0.34782608695652173,22,1,0.36363636363636365,0.0,0.36363636363636365
rewrite,715,24,1,0.041666666666666664,5,19,0.0,0.05263157894736842,-0.05263157894736842
rewrite,92,25,2,0.08,23,2,0.08695652173913043,0.0,0.08695652173913043
rewrite,887,25,12,0.48,20,5,0.4,0.8,-0.4
rewrite,1147,27,20,0.7407407407407407,11,16,0.5454545454545454,0.875,-0.3295454545454546
rewrite,466,25,5,0.2,24,1,0.20833333333333334,0.0,0.20833333333333334
rewrite,561,26,22,0.8461538461538461,25,1,0.84,1.0,-0.16000000000000003
rewrite,226,24,20,0.8333333333333334,6,18,1.0,0.7777777777777778,0.2222222222222222
rewrite,944,24,1,0.041666666666666664,19,5,0.05263157894736842,0.0,0.05263157894736842
rewrite,169,25,24,0.96,24,1,1.0,0.0,1.0
rewrite,946,25,19,0.76,20,5,0.8,0.6,0.20000000000000007
rewrite,956,25,2,0.08,6,19,0.16666666666666666,0.05263157894736842,0.11403508771929824
rewrite,1002,26,18,0.6923076923076923,24,2,0.7083333333333334,0.5,0.20833333333333337
rewrite,485,22,5,0.22727272727272727,2,20,0.5,0.2,0.3
rewrite,1020,20,10,0.5,15,5,0.3333333333333333,1.0,-0.6666666666666667
check-constraint,468,26,25,0.9615384615384616,1,25,1.0,0.96,0.040000000000000036
check-constraint,291,23,20,0.8695652173913043,3,20,1.0,0.85,0.15000000000000002
check-constraint,827,23,2,0.08695652173913043,3,20,0.0,0.1,-0.1
check-constraint,522,25,17,0.68,14,11,0.7142857142857143,0.6363636363636364,0.07792207792207795
check-constraint,120,24,19,0.7916666666666666,6,18,1.0,0.7222222222222222,0.2777777777777778
check-constraint,880,26,8,0.3076923076923077,18,8,0.2777777777777778,0.375,-0.09722222222222221
check-constraint,1139,24,3,0.125,12,12,0.16666666666666666,0.08333333333333333,0.08333333333333333
check-constraint,375,24,20,0.8333333333333334,3,21,0.6666666666666666,0.8571428571428571,-0.19047619047619047
check-constraint,790,26,1,0.038461538461538464,7,19,0.0,0.05263157894736842,-0.05263157894736842
check-constraint,1201,20,1,0.05,2,18,0.0,0.05555555555555555,-0.05555555555555555
check-constraint,573,26,20,0.7692307692307693,16,10,0.6875,0.9,-0.21250000000000002
check-constraint,609,22,18,0.8181818181818182,18,4,0.8333333333333334,0.75,0.08333333333333337
check-constraint,68,24,16,0.6666666666666666,8,16,0.625,0.6875,-0.0625
check-constraint,1028,23,4,0.17391304347826086,11,12,0.0,0.3333333333333333,-0.3333333333333333
check-constraint,1121,23,5,0.21739130434782608,11,12,0.18181818181818182,0.25,-0.06818181818181818
check-constraint,1164,21,13,0.6190476190476191,15,6,0.6,0.6666666666666666,-0.06666666666666665
check-constraint,740,25,1,0.04,3,22,0.3333333333333333,0.0,0.3333333333333333
check-constraint,1025,22,10,0.45454545454545453,20,2,0.45,0.5,-0.04999999999999999
check-constraint,839,25,19,0.76,13,12,0.7692307692307693,0.75,0.019230769230769273
check-constraint,542,22,12,0.5454545454545454,5,17,0.2,0.6470588235294118,-0.4470588235294118
check-constraint,721,24,16,0.6666666666666666,6,18,0.6666666666666666,0.6666666666666666,0.0
check-constraint,834,25,2,0.08,5,20,0.0,0.1,-0.1
check-constraint,1060,25,2,0.08,14,11,0.07142857142857142,0.09090909090909091,-0.019480519480519487
check-constraint,1000,23,4,0.17391304347826086,14,9,0.21428571428571427,0.1111111111111111,0.10317460317460317
check-constraint,1155,23,8,0.34782608695652173,17,6,0.35294117647058826,0.3333333333333333,0.019607843137254943
check-constraint,715,24,1,0.041666666666666664,1,23,0.0,0.043478260869565216,-0.043478260869565216
check-constraint,495,26,16,0.6153846153846154,14,12,0.7857142857142857,0.4166666666666667,0.369047619047619
check-constraint,662,27,19,0.7037037037037037,20,7,0.75,0.5714285714285714,0.1785714285714286
check-constraint,923,24,2,0.08333333333333333,9,15,0.1111111111111111,0.06666666666666667,0.04444444444444444
check-constraint,1142,25,5,0.2,13,12,0.23076923076923078,0.16666666666666666,0.06410256410256412
check-constraint,1147,27,20,0.7407407407407407,20,7,0.75,0.7142857142857143,0.0357142857142857
check-constraint,466,25,5,0.2,14,11,0.2857142857142857,0.09090909090909091,0.1948051948051948
check-constraint,535,24,14,0.5833333333333334,20,4,0.6,0.5,0.09999999999999998
check-constraint,561,26,22,0.8461538461538461,19,7,0.8421052631578947,0.8571428571428571,-0.015037593984962405
check-constraint,226,24,20,0.8333333333333334,6,18,0.6666666666666666,0.8888888888888888,-0.2222222222222222
check-constraint,944,24,1,0.041666666666666664,19,5,0.0,0.2,-0.2
check-constraint,169,25,24,0.96,4,21,1.0,0.9523809523809523,0.04761904761904767
check-constraint,946,25,19,0.76,15,10,0.8,0.7,0.10000000000000009
check-constraint,956,25,2,0.08,2,23,0.0,0.08695652173913043,-0.08695652173913043
check-constraint,605,25,13,0.52,24,1,0.5416666666666666,0.0,0.5416666666666666
check-constraint,1002,26,18,0.6923076923076923,2,24,0.0,0.75,-0.75
check-constraint,165,26,22,0.8461538461538461,5,21,0.8,0.8571428571428571,-0.05714285714285705
check-constraint,876,24,5,0.20833333333333334,15,9,0.06666666666666667,0.4444444444444444,-0.37777777777777777
check-constraint,840,23,11,0.4782608695652174,5,18,0.4,0.5,-0.09999999999999998
analyze,468,26,25,0.9615384615384616,25,1,0.96,1.0,-0.040000000000000036
analyze,1139,24,3,0.125,23,1,0.13043478260869565,0.0,0.13043478260869565
analyze,790,26,1,0.038461538461538464,6,20,0.0,0.05,-0.05
analyze,573,26,20,0.7692307692307693,24,2,0.75,1.0,-0.25
analyze,68,24,16,0.6666666666666666,23,1,0.6521739130434783,1.0,-0.34782608695652173
analyze,167,27,26,0.9629629629629629,25,2,0.96,1.0,-0.040000000000000036
analyze,842,20,14,0.7,5,15,0.4,0.8,-0.4
analyze,844,19,4,0.21052631578947367,18,1,0.16666666666666666,1.0,-0.8333333333333334
analyze,740,25,1,0.04,24,1,0.041666666666666664,0.0,0.041666666666666664
analyze,542,22,12,0.5454545454545454,20,2,0.55,0.5,0.050000000000000044
analyze,864,26,11,0.4230769230769231,25,1,0.44,0.0,0.44
analyze,391,25,10,0.4,24,1,0.4166666666666667,0.0,0.4166666666666667
analyze,1155,23,8,0.34782608695652173,22,1,0.3181818181818182,1.0,-0.6818181818181819
analyze,466,25,5,0.2,24,1,0.20833333333333334,0.0,0.20833333333333334
analyze,535,24,14,0.5833333333333334,23,1,0.5652173913043478,1.0,-0.4347826086956522
analyze,615,27,26,0.9629629629629629,26,1,0.9615384615384616,1.0,-0.038461538461538436
derive-intermediate,468,26,25,0.9615384615384616,15,11,1.0,0.9090909090909091,0.09090909090909094
derive-intermediate,291,23,20,0.8695652173913043,7,16,1.0,0.8125,0.1875
derive-intermediate,827,23,2,0.08695652173913043,3,20,0.0,0.1,-0.1
derive-intermediate,120,24,19,0.7916666666666666,15,9,0.8,0.7777777777777778,0.022222222222222254
derive-intermediate,880,26,8,0.3076923076923077,12,14,0.3333333333333333,0.2857142857142857,0.047619047619047616
derive-intermediate,1139,24,3,0.125,18,6,0.16666666666666666,0.0,0.16666666666666666
derive-intermediate,790,26,1,0.038461538461538464,6,20,0.0,0.05,-0.05
derive-intermediate,1201,20,1,0.05,12,8,0.0,0.125,-0.125
derive-intermediate,609,22,18,0.8181818181818182,17,5,0.8235294117647058,0.8,0.0235294117647058
derive-intermediate,68,24,16,0.6666666666666666,15,9,0.7333333333333333,0.5555555555555556,0.1777777777777777
derive-intermediate,150,21,2,0.09523809523809523,18,3,0.1111111111111111,0.0,0.1111111111111111
derive-intermediate,52,27,26,0.9629629629629629,25,2,0.96,1.0,-0.040000000000000036
derive-intermediate,414,25,24,0.96,24,1,0.9583333333333334,1.0,-0.04166666666666663
derive-intermediate,842,20,14,0.7,19,1,0.7368421052631579,0.0,0.7368421052631579
derive-intermediate,851,26,3,0.11538461538461539,19,7,0.15789473684210525,0.0,0.15789473684210525
derive-intermediate,844,19,4,0.21052631578947367,13,6,0.3076923076923077,0.0,0.3076923076923077
derive-intermediate,1028,23,4,0.17391304347826086,12,11,0.3333333333333333,0.0,0.3333333333333333
derive-intermediate,1121,23,5,0.21739130434782608,14,9,0.2857142857142857,0.1111111111111111,0.1746031746031746
derive-intermediate,1164,21,13,0.6190476190476191,16,5,0.5625,0.8,-0.23750000000000004
derive-intermediate,740,25,1,0.04,16,9,0.0625,0.0,0.0625
derive-intermediate,1025,22,10,0.45454545454545453,14,8,0.5714285714285714,0.25,0.3214285714285714
derive-intermediate,839,25,19,0.76,22,3,0.8636363636363636,0.0,0.8636363636363636
derive-intermediate,721,24,16,0.6666666666666666,19,5,0.6842105263157895,0.6,0.08421052631578951
derive-intermediate,864,26,11,0.4230769230769231,17,9,0.5294117647058824,0.2222222222222222,0.30718954248366015
derive-intermediate,834,25,2,0.08,23,2,0.08695652173913043,0.0,0.08695652173913043
derive-intermediate,1060,25,2,0.08,3,22,0.0,0.09090909090909091,-0.09090909090909091
derive-intermediate,1000,23,4,0.17391304347826086,18,5,0.16666666666666666,0.2,-0.033333333333333354
derive-intermediate,1155,23,8,0.34782608695652173,7,16,0.5714285714285714,0.25,0.3214285714285714
derive-intermediate,715,24,1,0.041666666666666664,19,5,0.05263157894736842,0.0,0.05263157894736842
derive-intermediate,662,27,19,0.7037037037037037,24,3,0.7916666666666666,0.0,0.7916666666666666
derive-intermediate,887,25,12,0.48,15,10,0.6,0.3,0.3
derive-intermediate,923,24,2,0.08333333333333333,18,6,0.1111111111111111,0.0,0.1111111111111111
derive-intermediate,466,25,5,0.2,23,2,0.21739130434782608,0.0,0.21739130434782608
derive-intermediate,561,26,22,0.8461538461538461,6,20,1.0,0.8,0.19999999999999996
derive-intermediate,226,24,20,0.8333333333333334,23,1,0.8260869565217391,1.0,-0.17391304347826086
derive-intermediate,169,25,24,0.96,20,5,1.0,0.8,0.19999999999999996
derive-intermediate,956,25,2,0.08,15,10,0.06666666666666667,0.1,-0.03333333333333334
derive-intermediate,1002,26,18,0.6923076923076923,24,2,0.7083333333333334,0.5,0.20833333333333337
derive-intermediate,485,22,5,0.22727272727272727,11,11,0.2727272727272727,0.18181818181818182,0.09090909090909088
derive-intermediate,1020,20,10,0.5,3,17,0.6666666666666666,0.47058823529411764,0.196078431372549
derive-intermediate,876,24,5,0.20833333333333334,23,1,0.21739130434782608,0.0,0.21739130434782608
derive-intermediate,840,23,11,0.4782608695652174,9,14,0.4444444444444444,0.5,-0.05555555555555558
apply-formula,468,26,25,0.9615384615384616,25,1,1.0,0.0,1.0
apply-formula,827,23,2,0.08695652173913043,21,2,0.09523809523809523,0.0,0.09523809523809523
apply-formula,522,25,17,0.68,16,9,0.5625,0.8888888888888888,-0.32638888888888884
apply-formula,348,27,25,0.9259259259259259,26,1,0.9230769230769231,1.0,-0.07692307692307687
apply-formula,1139,24,3,0.125,12,12,0.08333333333333333,0.16666666666666666,-0.08333333333333333
apply-formula,1201,20,1,0.05,13,7,0.0,0.14285714285714285,-0.14285714285714285
apply-formula,609,22,18,0.8181818181818182,19,3,0.7894736842105263,1.0,-0.21052631578947367
apply-formula,68,24,16,0.6666666666666666,21,3,0.7142857142857143,0.3333333333333333,0.380952380952381
apply-formula,183,27,26,0.9629629629629629,23,4,1.0,0.75,0.25
apply-formula,150,21,2,0.09523809523809523,20,1,0.1,0.0,0.1
apply-formula,52,27,26,0.9629629629629629,1,26,0.0,1.0,-1.0
apply-formula,851,26,3,0.11538461538461539,23,3,0.13043478260869565,0.0,0.13043478260869565
apply-formula,844,19,4,0.21052631578947367,14,5,0.14285714285714285,0.4,-0.2571428571428572
apply-formula,1028,23,4,0.17391304347826086,16,7,0.25,0.0,0.25
apply-formula,1121,23,5,0.21739130434782608,18,5,0.2222222222222222,0.2,0.0222222222222222
apply-formula,950,26,22,0.8461538461538461,24,2,0.9166666666666666,0.0,0.9166666666666666
apply-formula,1164,21,13,0.6190476190476191,9,12,0.6666666666666666,0.5833333333333334,0.08333333333333326
apply-formula,1025,22,10,0.45454545454545453,17,5,0.5294117647058824,0.2,0.32941176470588235
apply-formula,839,25,19,0.76,22,3,0.8181818181818182,0.3333333333333333,0.4848484848484849
apply-formula,542,22,12,0.5454545454545454,14,8,0.42857142857142855,0.75,-0.32142857142857145
apply-formula,721,24,16,0.6666666666666666,23,1,0.6956521739130435,0.0,0.6956521739130435
apply-formula,864,26,11,0.4230769230769231,22,4,0.5,0.0,0.5
apply-formula,415,20,18,0.9,16,4,0.875,1.0,-0.125
apply-formula,834,25,2,0.08,7,18,0.2857142857142857,0.0,0.2857142857142857
apply-formula,391,25,10,0.4,22,3,0.4090909090909091,0.3333333333333333,0.0757575757575758
apply-formula,279,22,7,0.3181818181818182,18,4,0.2222222222222222,0.75,-0.5277777777777778
apply-formula,1060,25,2,0.08,17,8,0.058823529411764705,0.125,-0.0661764705882353
apply-formula,715,24,1,0.041666666666666664,14,10,0.0,0.1,-0.1
apply-formula,92,25,2,0.08,18,7,0.1111111111111111,0.0,0.1111111111111111
apply-formula,195,28,27,0.9642857142857143,26,2,0.9615384615384616,1.0,-0.038461538461538436
apply-formula,1147,27,20,0.7407407407407407,24,3,0.7083333333333334,1.0,-0.29166666666666663
apply-formula,466,25,5,0.2,23,2,0.17391304347826086,0.5,-0.32608695652173914
apply-formula,615,27,26,0.9629629629629629,18,9,1.0,0.8888888888888888,0.11111111111111116
apply-formula,561,26,22,0.8461538461538461,25,1,0.88,0.0,0.88
apply-formula,226,24,20,0.8333333333333334,3,21,1.0,0.8095238095238095,0.19047619047619047
apply-formula,944,24,1,0.041666666666666664,23,1,0.043478260869565216,0.0,0.043478260869565216
apply-formula,169,25,24,0.96,24,1,1.0,0.0,1.0
apply-formula,946,25,19,0.76,4,21,0.75,0.7619047619047619,-0.011904761904761862
apply-formula,1002,26,18,0.6923076923076923,18,8,0.7222222222222222,0.625,0.09722222222222221
apply-formula,165,26,22,0.8461538461538461,23,3,0.8695652173913043,0.6666666666666666,0.2028985507246377
apply-formula,876,24,5,0.20833333333333334,18,6,0.2777777777777778,0.0,0.2777777777777778
apply-formula,840,23,11,0.4782608695652174,18,5,0.6111111111111112,0.0,0.6111111111111112
compute,468,26,25,0.9615384615384616,23,3,1.0,0.6666666666666666,0.33333333333333337
compute,827,23,2,0.08695652173913043,22,1,0.09090909090909091,0.0,0.09090909090909091
compute,120,24,19,0.7916666666666666,2,22,0.5,0.8181818181818182,-0.31818181818181823
compute,880,26,8,0.3076923076923077,25,1,0.28,1.0,-0.72
compute,1139,24,3,0.125,18,6,0.16666666666666666,0.0,0.16666666666666666
compute,1201,20,1,0.05,18,2,0.0,0.5,-0.5
compute,68,24,16,0.6666666666666666,10,14,0.8,0.5714285714285714,0.22857142857142865
compute,183,27,26,0.9629629629629629,26,1,1.0,0.0,1.0
compute,150,21,2,0.09523809523809523,17,4,0.11764705882352941,0.0,0.11764705882352941
compute,167,27,26,0.9629629629629629,26,1,1.0,0.0,1.0
compute,851,26,3,0.11538461538461539,24,2,0.125,0.0,0.125
compute,844,19,4,0.21052631578947367,11,8,0.36363636363636365,0.0,0.36363636363636365
compute,1028,23,4,0.17391304347826086,21,2,0.19047619047619047,0.0,0.19047619047619047
compute,1121,23,5,0.21739130434782608,22,1,0.22727272727272727,0.0,0.22727272727272727
compute,950,26,22,0.8461538461538461,25,1,0.88,0.0,0.88
compute,1164,21,13,0.6190476190476191,20,1,0.65,0.0,0.65
compute,1025,22,10,0.45454545454545453,21,1,0.47619047619047616,0.0,0.47619047619047616
compute,839,25,19,0.76,24,1,0.7916666666666666,0.0,0.7916666666666666
compute,542,22,12,0.5454545454545454,21,1,0.5714285714285714,0.0,0.5714285714285714
compute,864,26,11,0.4230769230769231,24,2,0.4583333333333333,0.0,0.4583333333333333
compute,834,25,2,0.08,22,3,0.09090909090909091,0.0,0.09090909090909091
compute,1000,23,4,0.17391304347826086,20,3,0.2,0.0,0.2
compute,1155,23,8,0.34782608695652173,21,2,0.38095238095238093,0.0,0.38095238095238093
compute,715,24,1,0.041666666666666664,21,3,0.0,0.3333333333333333,-0.3333333333333333
compute,195,28,27,0.9642857142857143,26,2,0.9615384615384616,1.0,-0.038461538461538436
compute,466,25,5,0.2,24,1,0.20833333333333334,0.0,0.20833333333333334
compute,535,24,14,0.5833333333333334,22,2,0.5454545454545454,1.0,-0.4545454545454546
compute,226,24,20,0.8333333333333334,9,15,0.7777777777777778,0.8666666666666667,-0.0888888888888889
compute,944,24,1,0.041666666666666664,17,7,0.058823529411764705,0.0,0.058823529411764705
compute,169,25,24,0.96,24,1,1.0,0.0,1.0
compute,956,25,2,0.08,24,1,0.08333333333333333,0.0,0.08333333333333333
compute,605,25,13,0.52,24,1,0.5416666666666666,0.0,0.5416666666666666
compute,1002,26,18,0.6923076923076923,24,2,0.75,0.0,0.75
compute,224,26,11,0.4230769230769231,22,4,0.5,0.0,0.5
compute,876,24,5,0.20833333333333334,20,4,0.25,0.0,0.25
compute,840,23,11,0.4782608695652174,21,2,0.5238095238095238,0.0,0.5238095238095238
instantiate,468,26,25,0.9615384615384616,1,25,1.0,0.96,0.040000000000000036
instantiate,291,23,20,0.8695652173913043,18,5,0.8888888888888888,0.8,0.0888888888888888
instantiate,827,23,2,0.08695652173913043,22,1,0.09090909090909091,0.0,0.09090909090909091
instantiate,120,24,19,0.7916666666666666,18,6,0.8333333333333334,0.6666666666666666,0.16666666666666674
instantiate,1139,24,3,0.125,4,20,0.0,0.15,-0.15
instantiate,375,24,20,0.8333333333333334,23,1,0.8695652173913043,0.0,0.8695652173913043
instantiate,790,26,1,0.038461538461538464,19,7,0.0,0.14285714285714285,-0.14285714285714285
instantiate,609,22,18,0.8181818181818182,17,5,0.8235294117647058,0.8,0.0235294117647058
instantiate,68,24,16,0.6666666666666666,15,9,0.6,0.7777777777777778,-0.1777777777777778
instantiate,183,27,26,0.9629629629629629,23,4,1.0,0.75,0.25
instantiate,150,21,2,0.09523809523809523,19,2,0.10526315789473684,0.0,0.10526315789473684
instantiate,842,20,14,0.7,17,3,0.7058823529411765,0.6666666666666666,0.03921568627450989
instantiate,851,26,3,0.11538461538461539,23,3,0.13043478260869565,0.0,0.13043478260869565
instantiate,1028,23,4,0.17391304347826086,19,4,0.15789473684210525,0.25,-0.09210526315789475
instantiate,1121,23,5,0.21739130434782608,14,9,0.21428571428571427,0.2222222222222222,-0.007936507936507936
instantiate,1164,21,13,0.6190476190476191,19,2,0.631578947368421,0.5,0.13157894736842102
instantiate,1025,22,10,0.45454545454545453,21,1,0.47619047619047616,0.0,0.47619047619047616
instantiate,839,25,19,0.76,24,1,0.7916666666666666,0.0,0.7916666666666666
instantiate,542,22,12,0.5454545454545454,14,8,0.5714285714285714,0.5,0.0714285714285714
instantiate,721,24,16,0.6666666666666666,21,3,0.6666666666666666,0.6666666666666666,0.0
instantiate,391,25,10,0.4,22,3,0.4090909090909091,0.3333333333333333,0.0757575757575758
instantiate,1155,23,8,0.34782608695652173,18,5,0.3333333333333333,0.4,-0.06666666666666671
instantiate,715,24,1,0.041666666666666664,23,1,0.043478260869565216,0.0,0.043478260869565216
instantiate,662,27,19,0.7037037037037037,26,1,0.7307692307692307,0.0,0.7307692307692307
instantiate,923,24,2,0.08333333333333333,23,1,0.08695652173913043,0.0,0.08695652173913043
instantiate,1142,25,5,0.2,23,2,0.17391304347826086,0.5,-0.32608695652173914
instantiate,466,25,5,0.2,17,8,0.17647058823529413,0.25,-0.07352941176470587
instantiate,226,24,20,0.8333333333333334,11,13,0.8181818181818182,0.8461538461538461,-0.027972027972027913
instantiate,944,24,1,0.041666666666666664,19,5,0.0,0.2,-0.2
instantiate,956,25,2,0.08,24,1,0.08333333333333333,0.0,0.08333333333333333
instantiate,1002,26,18,0.6923076923076923,20,6,0.9,0.0,0.9
instantiate,485,22,5,0.22727272727272727,21,1,0.23809523809523808,0.0,0.23809523809523808
instantiate,222,25,1,0.04,23,2,0.043478260869565216,0.0,0.043478260869565216
instantiate,1020,20,10,0.5,19,1,0.47368421052631576,1.0,-0.5263157894736843
instantiate,224,26,11,0.4230769230769231,23,3,0.4782608695652174,0.0,0.4782608695652174
instantiate,165,26,22,0.8461538461538461,25,1,0.88,0.0,0.88
instantiate,876,24,5,0.20833333333333334,16,8,0.125,0.375,-0.25
instantiate,840,23,11,0.4782608695652174,15,8,0.5333333333333333,0.375,0.15833333333333333
case-split,827,23,2,0.08695652173913043,9,14,0.1111111111111111,0.07142857142857142,0.03968253968253968
case-split,880,26,8,0.3076923076923077,13,13,0.0,0.6153846153846154,-0.6153846153846154
case-split,1201,20,1,0.05,10,10,0.0,0.1,-0.1
case-split,609,22,18,0.8181818181818182,5,17,0.8,0.8235294117647058,-0.0235294117647058
case-split,1028,23,4,0.17391304347826086,1,22,1.0,0.13636363636363635,0.8636363636363636
case-split,1121,23,5,0.21739130434782608,4,19,0.5,0.15789473684210525,0.34210526315789475
case-split,542,22,12,0.5454545454545454,10,12,0.6,0.5,0.09999999999999998
case-split,834,25,2,0.08,4,21,0.25,0.047619047619047616,0.20238095238095238
case-split,1060,25,2,0.08,1,24,0.0,0.08333333333333333,-0.08333333333333333
case-split,1155,23,8,0.34782608695652173,2,21,0.5,0.3333333333333333,0.16666666666666669
case-split,535,24,14,0.5833333333333334,18,6,0.6666666666666666,0.3333333333333333,0.3333333333333333
case-split,561,26,22,0.8461538461538461,7,19,0.8571428571428571,0.8421052631578947,0.015037593984962405
case-split,944,24,1,0.041666666666666664,11,13,0.0,0.07692307692307693,-0.07692307692307693
case-split,605,25,13,0.52,24,1,0.5416666666666666,0.0,0.5416666666666666
case-split,485,22,5,0.22727272727272727,15,7,0.26666666666666666,0.14285714285714285,0.12380952380952381
case-split,840,23,11,0.4782608695652174,1,22,0.0,0.5,-0.5
compare,827,23,2,0.08695652173913043,17,6,0.058823529411764705,0.16666666666666666,-0.10784313725490195
compare,880,26,8,0.3076923076923077,10,16,0.0,0.5,-0.5
compare,790,26,1,0.038461538461538464,2,24,0.0,0.041666666666666664,-0.041666666666666664
compare,573,26,20,0.7692307692307693,15,11,0.6666666666666666,0.9090909090909091,-0.24242424242424243
compare,842,20,14,0.7,11,9,0.8181818181818182,0.5555555555555556,0.26262626262626265
compare,844,19,4,0.21052631578947367,3,16,0.6666666666666666,0.125,0.5416666666666666
compare,1121,23,5,0.21739130434782608,7,16,0.42857142857142855,0.125,0.30357142857142855
compare,740,25,1,0.04,1,24,0.0,0.041666666666666664,-0.041666666666666664
compare,834,25,2,0.08,21,4,0.047619047619047616,0.25,-0.20238095238095238
compare,1060,25,2,0.08,1,24,0.0,0.08333333333333333,-0.08333333333333333
compare,1155,23,8,0.34782608695652173,17,6,0.47058823529411764,0.0,0.47058823529411764
compare,561,26,22,0.8461538461538461,25,1,0.88,0.0,0.88
compare,956,25,2,0.08,19,6,0.05263157894736842,0.16666666666666666,-0.11403508771929824
compare,485,22,5,0.22727272727272727,11,11,0.36363636363636365,0.09090909090909091,0.2727272727272727
simplify,827,23,2,0.08695652173913043,11,12,0.09090909090909091,0.08333333333333333,0.007575757575757583
simplify,880,26,8,0.3076923076923077,25,1,0.32,0.0,0.32
simplify,348,27,25,0.9259259259259259,26,1,0.9230769230769231,1.0,-0.07692307692307687
simplify,790,26,1,0.038461538461538464,18,8,0.0,0.125,-0.125
simplify,1201,20,1,0.05,5,15,0.0,0.06666666666666667,-0.06666666666666667
simplify,573,26,20,0.7692307692307693,15,11,0.9333333333333333,0.5454545454545454,0.38787878787878793
simplify,68,24,16,0.6666666666666666,13,11,0.6923076923076923,0.6363636363636364,0.05594405594405594
simplify,183,27,26,0.9629629629629629,11,16,1.0,0.9375,0.0625
simplify,150,21,2,0.09523809523809523,2,19,0.5,0.05263157894736842,0.4473684210526316
simplify,52,27,26,0.9629629629629629,25,2,1.0,0.5,0.5
simplify,167,27,26,0.9629629629629629,25,2,1.0,0.5,0.5
simplify,842,20,14,0.7,17,3,0.6470588235294118,1.0,-0.3529411764705882
simplify,851,26,3,0.11538461538461539,21,5,0.14285714285714285,0.0,0.14285714285714285
simplify,844,19,4,0.21052631578947367,2,17,0.0,0.23529411764705882,-0.23529411764705882
simplify,1028,23,4,0.17391304347826086,10,13,0.0,0.3076923076923077,-0.3076923076923077
simplify,1121,23,5,0.21739130434782608,6,17,0.0,0.29411764705882354,-0.29411764705882354
simplify,1164,21,13,0.6190476190476191,4,17,0.75,0.5882352941176471,0.16176470588235292
simplify,740,25,1,0.04,7,18,0.14285714285714285,0.0,0.14285714285714285
simplify,622,27,7,0.25925925925925924,25,2,0.28,0.0,0.28
simplify,542,22,12,0.5454545454545454,9,13,0.4444444444444444,0.6153846153846154,-0.170940170940171
simplify,864,26,11,0.4230769230769231,18,8,0.4444444444444444,0.375,0.06944444444444442
simplify,415,20,18,0.9,12,8,0.9166666666666666,0.875,0.04166666666666663
simplify,834,25,2,0.08,9,16,0.2222222222222222,0.0,0.2222222222222222
simplify,1060,25,2,0.08,7,18,0.14285714285714285,0.05555555555555555,0.0873015873015873
simplify,1155,23,8,0.34782608695652173,22,1,0.36363636363636365,0.0,0.36363636363636365
simplify,715,24,1,0.041666666666666664,1,23,0.0,0.043478260869565216,-0.043478260869565216
simplify,495,26,16,0.6153846153846154,5,21,0.6,0.6190476190476191,-0.01904761904761909
simplify,662,27,19,0.7037037037037037,25,2,0.76,0.0,0.76
simplify,92,25,2,0.08,9,16,0.2222222222222222,0.0,0.2222222222222222
simplify,887,25,12,0.48,21,4,0.5238095238095238,0.25,0.27380952380952384
simplify,923,24,2,0.08333333333333333,11,13,0.09090909090909091,0.07692307692307693,0.013986013986013984
simplify,1142,25,5,0.2,16,9,0.25,0.1111111111111111,0.1388888888888889
simplify,615,27,26,0.9629629629629629,23,4,0.9565217391304348,1.0,-0.04347826086956519
simplify,561,26,22,0.8461538461538461,11,15,0.7272727272727273,0.9333333333333333,-0.20606060606060606
simplify,226,24,20,0.8333333333333334,22,2,0.8181818181818182,1.0,-0.18181818181818177
simplify,1020,20,10,0.5,12,8,0.4166666666666667,0.625,-0.20833333333333331
simplify,224,26,11,0.4230769230769231,14,12,0.6428571428571429,0.16666666666666666,0.4761904761904763
simplify,165,26,22,0.8461538461538461,25,1,0.88,0.0,0.88
simplify,840,23,11,0.4782608695652174,9,14,0.3333333333333333,0.5714285714285714,-0.23809523809523808
backtrack,827,23,2,0.08695652173913043,3,20,0.0,0.1,-0.1
backtrack,880,26,8,0.3076923076923077,4,22,0.25,0.3181818181818182,-0.06818181818181818
backtrack,790,26,1,0.038461538461538464,1,25,0.0,0.04,-0.04
backtrack,844,19,4,0.21052631578947367,1,18,0.0,0.2222222222222222,-0.2222222222222222
backtrack,1121,23,5,0.21739130434782608,6,17,0.16666666666666666,0.23529411764705882,-0.06862745098039216
backtrack,1164,21,13,0.6190476190476191,3,18,0.6666666666666666,0.6111111111111112,0.05555555555555547
backtrack,740,25,1,0.04,1,24,0.0,0.041666666666666664,-0.041666666666666664
backtrack,542,22,12,0.5454545454545454,1,21,0.0,0.5714285714285714,-0.5714285714285714
backtrack,1060,25,2,0.08,4,21,0.0,0.09523809523809523,-0.09523809523809523
backtrack,1155,23,8,0.34782608695652173,1,22,1.0,0.3181818181818182,0.6818181818181819
backtrack,923,24,2,0.08333333333333333,19,5,0.05263157894736842,0.2,-0.1473684210526316
backtrack,561,26,22,0.8461538461538461,2,24,0.5,0.875,-0.375
backtrack,1020,20,10,0.5,2,18,0.5,0.5,0.0
backtrack,840,23,11,0.4782608695652174,2,21,0.5,0.47619047619047616,0.023809523809523836
compute极,827,23,2,0.08695652173913043,1,22,0.0,0.09090909090909091,-0.09090909090909091
compute极,522,25,17,0.68,1,24,1.0,0.6666666666666666,0.33333333333333337
compute极,1139,24,3,0.125,2,22,0.0,0.13636363636363635,-0.13636363636363635
compute极,1201,20,1,0.05,2,18,0.0,0.05555555555555555,-0.05555555555555555
compute极,844,19,4,0.21052631578947367,4,15,0.25,0.2,0.04999999999999999
compute极,1121,23,5,0.21739130434782608,2,21,0.5,0.19047619047619047,0.30952380952380953
compute极,1164,21,13,0.6190476190476191,1,20,1.0,0.6,0.4
compute极,542,22,12,0.5454545454545454,3,19,0.6666666666666666,0.5263157894736842,0.14035087719298245
compute极,864,26,11,0.4230769230769231,2,24,0.0,0.4583333333333333,-0.4583333333333333
compute极,415,20,18,0.9,1,19,1.0,0.8947368421052632,0.10526315789473684
compute极,834,25,2,0.08,1,24,0.0,0.08333333333333333,-0.08333333333333333
compute极,1060,25,2,0.08,2,23,0.0,0.08695652173913043,-0.08695652173913043
compute极,1000,23,4,0.17391304347826086,8,15,0.125,0.2,-0.07500000000000001
compute极,1155,23,8,0.34782608695652173,2,21,0.0,0.38095238095238093,-0.38095238095238093
compute极,715,24,1,0.041666666666666664,2,22,0.0,0.045454545454545456,-0.045454545454545456
compute极,887,25,12,0.48,3,22,0.6666666666666666,0.45454545454545453,0.2121212121212121
compute极,923,24,2,0.08333333333333333,1,23,0.0,0.08695652173913043,-0.08695652173913043
compute极,1142,25,5,0.2,3,22,0.0,0.22727272727272727,-0.22727272727272727
compute极,535,24,14,0.5833333333333334,1,23,0.0,0.6086956521739131,-0.6086956521739131
compute极,944,24,1,0.041666666666666664,6,18,0.16666666666666666,0.0,0.16666666666666666
compute极,956,25,2,0.08,1,24,1.0,0.041666666666666664,0.9583333333333334
compute极,224,26,11,0.4230769230769231,1,25,0.0,0.44,-0.44
compute极,840,23,11,0.4782608695652174,2,21,0.0,0.5238095238095238,-0.5238095238095238
